Data,Otwarcie,Najwyzszy,Najnizszy,Zamkniecie,Wolumen
2020-02-04,1481.27,1502.7,1478.91,1501.72,20330080
2020-02-05,1515.67,1520.59,1510.37,1516.66,20384000
2020-02-06,1528.26,1577.8,1527.47,1555.78,64783490
2020-02-07,1564.62,1566,1537.69,1545.56,24631005
2020-02-10,1530.42,1535.14,1520.39,1523.15,20539655
2020-02-12,1515.67,1532.19,1508.4,1532.19,26284230
2020-02-13,1526.49,1530.81,1519.02,1525.11,17312560
2020-02-14,1525.7,1526.49,1513.91,1519.41,18573590
2020-02-17,1508.6,1520.79,1498.18,1518.62,15552005
2020-02-18,1509.38,1515.09,1490.32,1492.87,21446130
2020-02-19,1507.22,1507.42,1480.29,1482.84,26683545
2020-02-20,1503.88,1529.24,1503.49,1523.93,29136930
2020-02-21,1530.42,1548.5,1528.45,1540.64,26222170
2020-02-25,1468.49,1502.31,1464.56,1488.94,42459880
2020-02-26,1474.59,1488.55,1467.31,1483.24,34462855
2020-02-27,1469.67,1470.46,1444.71,1451.59,45002795
2020-02-28,1415.81,1423.08,1376.89,1401.07,54015660
2020-03-02,1364.5,1414.43,1362.93,1406.37,46094430
2020-03-03,1432.72,1444.51,1384.75,1384.75,41054385
2020-03-04,1369.81,1387.11,1360.37,1370.99,29778890
2020-03-05,1390.65,1393.79,1368.63,1377.67,29813990
2020-03-06,1356.44,1356.64,1327.15,1335.6,41757895
2020-03-09,1291.57,1294.91,1253.43,1276.82,45083165
2020-03-10,1257.16,1309.26,1231.81,1297.46,49964500
2020-03-11,1303.36,1342.68,1280.17,1284.69,42088030
2020-03-12,1258.15,1267.78,1224.53,1240.26,48827590
2020-03-13,1164.97,1246.94,1134.5,1196.03,80580685
2020-03-16,1195.04,1214.51,1165.16,1167.91,47332060
2020-03-17,1150.62,1267.98,1144.52,1250.28,82543190
2020-03-18,1243.4,1332.26,1238.49,1241.83,93683375
2020-03-19,1242.42,1295.3,1242.03,1257.16,95339140
2020-03-23,1217.85,1234.36,1206.84,1213.33,78909145
2020-03-24,1231.61,1237.51,1202.12,1229.25,61514180
2020-03-25,1286.65,1360.18,1277.22,1360.18,65173655
2020-03-26,1326.95,1343.07,1304.94,1320.66,61268990
2020-03-27,1372.17,1381.8,1323.61,1381.8,77632350
2020-03-30,1341.8,1363.4,1317.8,1359.4,57345500
2020-03-31,1355.2,1359.4,1297.2,1300.2,58846000
2020-04-01,1286,1320.6,1252,1266.2,55771500
2020-04-02,1266,1281,1254,1257.4,50396500
2020-04-03,1250,1274.4,1232.6,1239,40147000
2020-04-06,1246,1326.8,1234.4,1316,52831500
2020-04-07,1332.2,1347.4,1288.8,1323.6,47160500
2020-04-08,1328.2,1354.2,1310.6,1350.6,42991000
2020-04-09,1343.8,1345.8,1321.8,1336,28752000
2020-04-10,1316,1338.2,1310.2,1327,29598000
2020-04-13,1312,1327.2,1303.2,1305,20673000
2020-04-14,1307,1351,1307,1350,33582500
2020-04-15,1336,1350,1330.2,1347.6,26336000
2020-04-16,1318.4,1324,1312.2,1320.4,28434000
2020-04-17,1327.6,1358.4,1324.8,1351.2,33658500
2020-04-20,1333,1345,1327,1327,22320000
2020-04-21,1323.8,1330.8,1311.2,1312,22528000
2020-04-22,1301,1305.8,1290.2,1300,23568000
2020-04-23,1310.6,1314.6,1302.6,1314,17181000
2020-04-24,1290,1314,1289.4,1308.6,24035000
2020-04-27,1311.2,1334,1308.4,1331.8,21065000
2020-04-28,1326.4,1346,1323,1337,19544000
2020-04-30,1364,1375,1332.4,1333.2,40368500
2020-05-01,1320.6,1325.8,1291.6,1298.8,30841000
2020-05-07,1276.4,1291.4,1274.6,1282.8,29652000
2020-05-08,1289.6,1302.2,1284.2,1298.4,27246000
2020-05-11,1324,1335,1316.4,1331.6,25900000
2020-05-12,1322,1331,1297,1305.4,39047000
2020-05-13,1282.4,1292,1274.4,1276.8,40657500
2020-05-14,1260,1265.2,1248.6,1248.6,32473000
2020-05-15,1260,1264,1241.6,1249.8,27393000
2020-05-18,1256,1260,1249.6,1251.4,21725000
2020-05-19,1269.2,1292.4,1267.6,1286.2,35095000
2020-05-20,1280.4,1286.2,1277.4,1283,21370500
2020-05-21,1288.2,1289,1270.8,1272.4,17638000
2020-05-22,1284,1287.2,1256,1257.8,23268500
2020-05-25,1277,1279,1267.2,1276.6,15351500
2020-05-26,1288,1336,1285.2,1329.8,38703000
2020-05-27,1328,1355,1318.4,1348,38496500
2020-05-28,1367.8,1396,1365.2,1394.6,48670500
2020-05-29,1380,1389,1351,1351,109161500
2020-06-01,1357,1364,1337,1344,22533500
2020-06-02,1357,1373,1353.6,1354.8,29813500
2020-06-03,1380,1387.4,1372,1383,32221500
2020-06-04,1401.4,1420,1386.6,1394.8,39300000
2020-06-05,1389.2,1413.4,1388,1413.4,26825500
2020-06-08,1432,1434.8,1421.2,1433.4,31710500
2020-06-09,1420,1425.8,1404,1424.2,29232500
2020-06-10,1412.2,1428,1402.2,1418.8,23854000
2020-06-11,1388.8,1411.4,1381,1381,29786000
2020-06-12,1348.4,1378.2,1340.6,1370.6,36581500
2020-06-15,1364,1379,1340,1340,21524000
2020-06-16,1376,1411.4,1368.6,1404.2,36452000
2020-06-17,1400,1401,1381,1388.8,23684000
2020-06-18,1376,1388,1368.6,1377.4,17525500
2020-06-19,1381.6,1382.4,1365,1370.2,29101500
2020-06-22,1359.8,1374,1356,1363.6,14133000
2020-06-23,1376.4,1393.8,1365.4,1379.2,25700000
2020-06-24,1379.2,1402.4,1379,1395.4,26051000
2020-06-25,1375.4,1377.6,1358.6,1359,29914500
2020-06-26,1364.6,1380.8,1364.2,1373.6,23512000
2020-06-29,1356,1361.4,1347.4,1351.8,25504000
2020-06-30,1374,1375.6,1350,1352.4,23943500
2020-07-01,1352,1355,1328.6,1331.2,25141000
2020-07-02,1334.2,1364.2,1332.4,1355.4,28370500
2020-07-03,1355.2,1358,1342.6,1352.2,19218500
2020-07-06,1361,1371.8,1353.6,1371.8,20675000
2020-07-07,1372,1372.8,1349.6,1354,21976000
2020-07-08,1353.8,1363.8,1345.2,1345.6,23367000
2020-07-09,1340,1351.4,1336.2,1341.8,20008500
2020-07-10,1333,1334.6,1313.6,1313.6,33231500
2020-07-13,1335,1354.2,1323.6,1352.4,26204500
2020-07-14,1339.2,1358.6,1339,1348.8,20668000
2020-07-15,1360,1374,1359,1367,23768000
2020-07-16,1359.8,1371.8,1353.6,1358,26943000
2020-07-17,1363,1371.6,1361.2,1362.6,16074000
2020-07-20,1357,1365.4,1354,1358.8,12793000
2020-07-21,1366,1368,1351.2,1355,20404000
2020-07-22,1355,1361.8,1345.8,1345.8,17611000
2020-07-27,1326.6,1349.6,1326.2,1347.4,25582000
2020-07-28,1335.2,1341.2,1324,1327.2,23719000
2020-07-29,1312.2,1315.6,1286.6,1286.6,32327500
2020-07-30,1301.8,1304.6,1283.6,1287,22763000
2020-07-31,1272,1276.2,1243.4,1243.4,32558500
2020-08-03,1261.8,1267.6,1251,1266,20577000
2020-08-04,1280,1308.4,1279.8,1307.8,24323500
2020-08-05,1302.2,1330,1297.8,1329.6,26741000
2020-08-06,1322,1370,1313,1360,56855000
2020-08-07,1362,1389,1362,1375.6,38323500
2020-08-11,1394,1430,1391,1430,47353500
2020-08-12,1428.2,1452.6,1425.4,1448.8,34724500
2020-08-13,1460.2,1476,1457,1457,34598000
2020-08-14,1448.8,1451,1433.6,1436.2,24891000
2020-08-17,1442.6,1456.8,1431.2,1431.2,16037000
2020-08-18,1442,1445.8,1425.2,1435.2,21201000
2020-08-19,1422,1439.2,1412.8,1439,16316500
2020-08-20,1432.8,1437.2,1415.4,1416.8,14443500
2020-08-21,1430.8,1436.4,1416.2,1416.4,14287000
2020-08-24,1422.4,1423.2,1413,1413,13343500
2020-08-25,1428,1442.6,1425.4,1429.8,20393000
2020-08-26,1423.8,1435.2,1418.8,1424.6,13868500
2020-08-27,1416,1417.6,1407.8,1414.6,12679500
2020-08-28,1428.4,1436.6,1395.6,1411.2,28873000
2020-08-31,1421.4,1425.6,1401.2,1401.2,22006500
2020-09-01,1398,1400,1385.2,1395.8,19728000
2020-09-02,1394.4,1401,1391.2,1394.4,14908500
2020-09-03,1407.8,1407.8,1395,1398.2,16797000
2020-09-04,1390,1416.2,1387.6,1409.2,20013500
2020-09-07,1401.8,1408,1388.2,1393.2,20615500
2020-09-08,1401,1403.8,1391.2,1403,21390500
2020-09-09,1381.6,1386.8,1367.6,1377.2,35819500
2020-09-10,1390.8,1391,1382,1391,21490000
2020-09-11,1371,1391.2,1370.8,1391.2,23824500
2020-09-14,1396.8,1410,1395.8,1409.4,16699500
2020-09-15,1416,1431,1408.2,1413.2,18899000
2020-09-16,1409,1413.4,1400.4,1412.8,15153000
2020-09-17,1404.6,1416.4,1401,1404.2,16123000
2020-09-18,1415,1418.4,1406.2,1407.6,28528000
2020-09-23,1413,1420,1397.8,1416.2,28209500
2020-09-24,1403.6,1408.4,1385.6,1385.6,24755500
2020-09-25,1401.6,1413,1398,1406.2,25681000
2020-09-28,1409.4,1435.8,1399.4,1435.8,37334000
2020-09-29,1419.8,1432,1413.6,1422.6,29231000
2020-09-30,1402,1415.8,1385.8,1386.4,27261500
2020-10-02,1384,1400.6,1372.4,1378.2,24475000
2020-10-05,1395.6,1396.6,1377.2,1381.8,20136000
2020-10-06,1381.8,1396.8,1377.4,1391.6,23551000
2020-10-07,1385.6,1400.6,1380.8,1400.6,21226000
2020-10-08,1402,1415.6,1397,1406.8,24101500
2020-10-09,1405.2,1405.8,1389.4,1393.4,16979500
2020-10-12,1386.4,1389,1380,1382.2,13191000
2020-10-13,1395.4,1406,1389.2,1406,18338500
2020-10-14,1392.4,1394,1383.8,1387,15327000
2020-10-15,1379.6,1386.6,1379,1383,14224000
2020-10-16,1388,1388.8,1365,1365.8,18851000
2020-10-19,1374.8,1389.6,1374,1389,15235000
2020-10-20,1385.2,1389,1377.8,1379.4,11712000
2020-10-21,1392.4,1410.4,1391.2,1401.8,23975000
2020-10-22,1393.4,1396.8,1388.2,1393.2,16037500
2020-10-23,1401.8,1402,1388.8,1394.6,19816500
2020-10-26,1394,1400.6,1391,1398,13375000
2020-10-27,1394,1398.6,1384.8,1392.2,16171500
2020-10-28,1377.6,1385.4,1369,1379,18801000
2020-10-29,1359,1384.8,1356,1378.6,20499500
2020-10-30,1369.6,1375.6,1360.6,1360.6,26039000
2020-11-02,1373.2,1403.2,1370,1389.8,28606000
2020-11-04,1404.8,1410.8,1395.2,1395.2,31390500
2020-11-05,1391,1406.4,1384.6,1396.8,28217000
2020-11-06,1414,1430.4,1403,1403.8,55464500
2020-11-09,1431.8,1448.4,1423.8,1434.6,39193000
2020-11-10,1464,1472,1442.4,1453.4,44128500
2020-11-11,1478,1500.6,1473.8,1500.6,50376500
2020-11-12,1495.4,1501.4,1476,1487,29082000
2020-11-13,1485.4,1490.4,1457,1463.2,28673000
2020-11-16,1480,1495,1472.2,1494.8,27563500
2020-11-17,1499.4,1499.6,1480.6,1487.8,23499500
2020-11-18,1480.2,1485,1458,1463.8,22772000
2020-11-19,1471.6,1479.4,1444.6,1460.2,32636500
2020-11-20,1457.6,1470.4,1450.6,1470.4,20376000
2020-11-24,1495.4,1503.2,1482.8,1486.2,27571500
2020-11-25,1500,1504.8,1464.4,1470,33473500
2020-11-26,1456,1464,1452.8,1460.2,22660000
2020-11-27,1460,1465.4,1437.6,1450.4,37279000
2020-11-30,1453.6,1455.8,1399.8,1399.8,46772500
2020-12-01,1422.2,1430.2,1396,1403.6,31431500
2020-12-02,1431.6,1433.8,1410,1415.8,34411500
2020-12-03,1435.8,1440.4,1423.6,1432.8,31729000
2020-12-04,1423,1443.8,1421.8,1436.2,23686000
2020-12-07,1450,1452.6,1433.6,1440.8,22603500
2020-12-08,1432,1445.6,1424.4,1439.8,20672000
2020-12-09,1449.4,1473,1446.6,1469.8,28535500
2020-12-10,1480.6,1499.6,1476.8,1496,32708000
2020-12-11,1520.4,1564,1516.6,1564,78526000
2020-12-14,1570,1599.6,1563,1590.4,45357000
2020-12-15,1585.6,1593,1573,1581,24025500
2020-12-16,1590,1603.2,1586,1596,29555500
2020-12-17,1600.2,1609,1593.4,1600,25085500
2020-12-18,1590,1593.8,1577.6,1582.2,34311000
2020-12-21,1584.4,1585.8,1557.8,1570,23712000
2020-12-22,1558,1571.8,1546,1555.4,19459000
2020-12-23,1558,1563,1540.2,1544,17744000
2020-12-24,1561.2,1563,1545,1548.6,13676000
2020-12-25,1552,1559.4,1550,1557.8,9966500
2020-12-28,1560.4,1579.6,1555.8,1579.6,18226500
2020-12-29,1589,1603.4,1588,1602.8,25593500
2020-12-30,1588.6,1606,1585,1591.4,23459000
2021-01-04,1606,1606,1578.4,1585.6,21387000
2021-01-05,1570,1582.4,1559.2,1562.4,29285500
2021-01-06,1566.8,1575.4,1559.4,1563.6,21993000
2021-01-07,1582,1582.4,1563.6,1563.6,28129500
2021-01-08,1564.8,1587.8,1564.4,1587.8,30802500
2021-01-12,1578.4,1585.8,1566.2,1578.4,26775500
2021-01-13,1570,1573.4,1561.8,1569.2,25074000
2021-01-14,1562,1575.4,1558,1572.6,27088000
2021-01-15,1561.2,1566.6,1544,1546.6,30425000
2021-01-18,1546.6,1547.8,1520.4,1527.2,19487000
2021-01-19,1532,1549.2,1530.2,1541.6,20948500
2021-01-20,1541.6,1544.6,1521.2,1537.2,22139500
2021-01-21,1543.6,1563.6,1542.4,1548.8,26310000
2021-01-22,1540,1549.6,1532,1532,22639500
2021-01-25,1536.4,1536.4,1524.8,1535.4,19970000
2021-01-26,1509,1517.6,1500,1500,34543000
2021-01-27,1503.4,1507.8,1493,1505.6,35456000
2021-01-28,1460.6,1492.4,1459.6,1479.4,108059000
2021-01-29,1490,1494,1460,1460,37625000
2021-02-01,1455.6,1463.4,1443.2,1458.8,30239000
2021-02-02,1472,1491,1459.6,1491,27231500
2021-02-03,1518,1557.6,1516,1556.4,47840000
2021-02-04,1560,1574,1542.6,1551.8,25249500
2021-02-05,1578.6,1594.8,1571.2,1584.4,39170500
2021-02-08,1599.8,1616,1597.8,1607.4,37398500
2021-02-09,1616,1620,1587.4,1598.8,34224000
2021-02-10,1602,1650,1601,1626,77501000
2021-02-12,1667,1699.4,1651.8,1682.6,63439000
2021-02-15,1679,1693,1667,1691.2,32680500
2021-02-16,1693,1693.2,1654,1660.6,38830000
2021-02-17,1660,1660.4,1636.8,1649.4,22478500
2021-02-18,1660,1662,1610.2,1618.6,35121000
2021-02-19,1610,1615.4,1598,1613,20686500
2021-02-22,1629.4,1635,1609.6,1612,19143000
2021-02-24,1627.6,1627.6,1576,1578.2,32805000
2021-02-25,1611,1622.2,1603.6,1603.6,23664000
2021-02-26,1589.6,1595.4,1566.8,1574.6,37634000
2021-03-01,1582.2,1587,1570.2,1585,19482000
2021-03-02,1599.8,1603,1568,1584.6,24477000
2021-03-03,1595.8,1604.8,1581,1594.2,21733500
2021-03-04,1600,1600.4,1560.8,1584.4,27260000
2021-03-05,1582,1593.8,1557.2,1593.8,33935000
2021-03-08,1617.8,1629.4,1584.4,1592.2,34496000
2021-03-09,1617.8,1637.8,1604,1637.8,40585000
2021-03-10,1640,1642.6,1621,1625.6,28637000
2021-03-11,1630.8,1635.8,1612,1618.2,29117500
2021-03-12,1614,1629,1603.6,1629,32525000
2021-03-15,1642.2,1668,1642,1668,32264000
2021-03-16,1666.6,1666.6,1643.6,1653.8,28501000
2021-03-17,1642,1661.6,1626.6,1661.6,26795500
2021-03-18,1680.4,1730,1678.8,1730,74761500
2021-03-19,1729,1742.4,1721.6,1728.8,49527500
2021-03-22,1710.6,1712,1672.4,1672.4,43614000
2021-03-23,1681.4,1693.8,1660.8,1660.8,30356500
2021-03-24,1649,1661,1622.6,1624,37637000
2021-03-25,1645.6,1649,1626.4,1631.4,31401000
2021-03-26,1655.4,1675.2,1647,1671.8,28822500
2021-03-29,1698,1702.4,1676.2,1693,46138500
2021-03-30,1682.6,1684.2,1645.4,1672.4,36770500
2021-03-31,1692.8,1729.8,1688.2,1723.2,54920000
2021-04-01,1738.8,1739,1680.4,1684.6,32919500
2021-04-02,1702,1719,1686.4,1692.4,21686500
2021-04-05,1699,1700.8,1684.2,1692.2,20385000
2021-04-06,1714,1714,1668.2,1673.2,27262000
2021-04-07,1694.8,1709.6,1681,1697.4,29696000
2021-04-08,1699.6,1699.6,1678,1683.6,22586000
2021-04-09,1686,1704.8,1680.8,1683.6,30089500
2021-04-12,1689.6,1702.8,1687,1687,19728000
2021-04-13,1690.4,1712.2,1689.6,1701.4,23458000
2021-04-14,1693.4,1702.8,1683.2,1697,22063500
2021-04-15,1710,1719.2,1704.2,1712.8,21805500
2021-04-16,1715,1715.6,1698,1706,16660000
2021-04-19,1705.6,1709.2,1696.6,1704.4,15545000
2021-04-20,1697.4,1697.4,1678.4,1683.6,27998500
2021-04-21,1660,1662.8,1638,1642.4,39924000
2021-04-22,1673.2,1683,1659.6,1673.6,22731500
2021-04-23,1658,1659.2,1645.4,1655.4,18558000
2021-04-26,1667.2,1668.6,1650.6,1653,17808500
2021-04-27,1645.6,1651.2,1632.8,1634.4,21835000
2021-04-28,1640,1663.6,1636.8,1659.8,26628000
2021-04-30,1666.4,1666.4,1622,1625.4,34068000
2021-05-06,1670,1682.4,1655.2,1672.6,37632000
2021-05-07,1670.2,1674,1656.8,1672.8,16326000
2021-05-10,1681,1705.6,1679,1701.2,22024000
2021-05-11,1694.2,1700.6,1660.2,1668.2,27511500
2021-05-12,1668,1713.4,1636.8,1704.6,62621500
2021-05-13,1700,1707,1675,1678.4,36050500
2021-05-14,1689.8,1703.2,1668.2,1695.6,29576500
2021-05-17,1716,1735.2,1709.8,1729.6,33781500
2021-05-18,1740,1773.8,1739.8,1763.8,45978500
2021-05-19,1750,1759.6,1736,1739.8,33108500
2021-05-20,1736,1741,1724.6,1733,18772500
2021-05-21,1740.6,1754.6,1734.6,1748.6,25783500
2021-05-24,1756.8,1789.8,1754.2,1767,29395000
2021-05-25,1776.4,1779.2,1763.6,1775.4,21782000
2021-05-26,1771,1799.6,1768.2,1781.2,31566500
2021-05-27,1780.2,1800,1778,1796,61763500
2021-05-28,1826,1836,1814.4,1827,39897000
2021-05-31,1827,1845.4,1820,1823,37511500
2021-06-01,1826,1884.6,1826,1884.6,45532500
2021-06-02,1906.8,1927.6,1885.6,1925.6,57631500
2021-06-03,1942,1991.4,1938.2,1958,61649500
2021-06-04,1981.8,1993.2,1960.4,1989.8,49867000
2021-06-07,1990.6,1994.2,1973,1983.4,31870000
2021-06-08,1967.6,1979.8,1957,1971.2,26894500
2021-06-09,1967.2,1990,1962.8,1981.2,22140500
2021-06-10,1966,1983.6,1964,1973.2,20786500
2021-06-11,1969.2,1980.6,1956,1972.2,32905500
2021-06-14,1986,1991.6,1976.6,1980,15667000
2021-06-15,1983.2,2018,1976.8,2015,36932500
2021-06-16,2027,2066,2021,2035,31059500
2021-06-17,2029,2052,2021,2046,21280500
2021-06-18,2026,2026,1966.6,1966.6,61132000
2021-06-21,1919,1952.6,1912,1927.6,47090500
2021-06-22,1983,1997,1968.4,1992,38258000
2021-06-23,1970,1977,1953,1956.4,32535000
2021-06-24,1980,1980.2,1962.2,1964.8,22403500
2021-06-25,1978.2,1981,1963.4,1969.8,20322000
2021-06-28,1970.4,1975.6,1961.4,1968.4,16448500
2021-06-29,1957.2,1958.6,1938.2,1948,21674000
2021-06-30,1954.8,1957,1942,1942,20215500
2021-07-01,1945.6,1947.8,1927,1938,21939000
2021-07-02,1950.4,1972,1947.8,1964,22461000
2021-07-05,1947.8,1961,1947.8,1954.4,15841500
2021-07-06,1959.6,1964.4,1949.2,1958.8,13521000
2021-07-07,1945.8,1950.2,1934.2,1946.8,22735500
2021-07-08,1940.2,1953.6,1935,1935,25416500
2021-07-09,1914.2,1935.8,1894.4,1930,43443500
2021-07-12,1966,1969.8,1951.8,1963,22882000
2021-07-13,1974,1976.8,1964.8,1973,16499500
2021-07-14,1960,2002,1958,1973.8,28623500
2021-07-15,1976,1983.8,1960.6,1966.4,18423000
2021-07-16,1963.2,1986,1960.6,1973.2,18315000
2021-07-19,1957,1962.8,1943.4,1948,20903000
2021-07-20,1936,1937.8,1919.2,1922.4,31507000
2021-07-21,1940.8,1965.2,1937.2,1945,20714500
2021-07-26,1978,1983.2,1956,1965.8,19701000
2021-07-27,1979.8,1983.8,1971.2,1974.2,19424500
2021-07-28,1958,1973.8,1957,1960.8,22825000
2021-07-29,1977.6,1986.8,1962,1971.2,21100000
2021-07-30,1963,1979.2,1961,1961,26432000
2021-08-02,1977.4,2007,1972.4,2006,25838500
2021-08-03,2005,2026,1999.4,2011,17516500
2021-08-04,2017,2029,1965,1994,43509500
2021-08-05,1999.8,2006,1984.2,1990.8,20804500
2021-08-06,1984,1987.4,1957.6,1967.6,32304000
2021-08-10,1986.6,1992.2,1972.4,1975.2,22127500
2021-08-11,1980,2004,1978.4,1994.6,18138500
2021-08-12,2003,2008,1986.6,1992,15295000
2021-08-13,1993.2,2003,1991,1993,16832000
2021-08-16,1980,1980.2,1958.2,1962.6,25924000
2021-08-17,1971.2,1972.4,1950.6,1950.6,20982000
2021-08-18,1950,1957.2,1943.6,1945,19215500
2021-08-19,1936,1937.8,1854.2,1859,49063500
2021-08-20,1846,1867.6,1772.8,1783,101544500
2021-08-23,1819.4,1854.6,1809.6,1844.4,48603500
2021-08-24,1857.8,1862.8,1847.2,1854.4,30714000
2021-08-25,1874,1911.8,1873,1896.8,30993000
2021-08-26,1910,1914.2,1887,1901.4,23644500
2021-08-27,1881.8,1897.4,1880.2,1892,18366500
2021-08-30,1904.4,1912.6,1900.4,1906.8,23974500
2021-08-31,1901.2,1923.8,1891.2,1918.4,28880000
2021-09-01,1940.2,1944.2,1924.2,1930.4,20667000
2021-09-02,1929,1933,1918.4,1930,16989000
2021-09-03,1928,1960.6,1927,1951.2,34369000
2021-09-06,1974,1992.4,1960.6,1992.4,29997000
2021-09-07,2001,2022,1994.4,2001,27051000
2021-09-08,1980,2006,1977.6,1995.4,28210000
2021-09-09,1982.2,1993.4,1974,1979.6,25646500
2021-09-10,1969.6,1994.6,1969,1991.8,32121000
2021-09-13,1944.4,1959,1932.2,1959,43968500
2021-09-14,1970,1989.2,1966,1989.2,30225000
2021-09-15,1976,1981.6,1971.8,1975.2,21345500
2021-09-16,1981.4,1999,1979.2,1988,26673500
2021-09-17,1992.8,2004,1986.4,2004,38861500
2021-09-21,1972,1992,1966.6,1985.8,29438500
2021-09-22,1978,1978,1961.2,1964,23934000
2021-09-24,1997,2020,1994.6,2020,34908000
2021-09-27,2031,2070,2030,2066,26810000
2021-09-28,2084,2092,2050,2077,37817000
2021-09-29,2052,2080.5,2040.5,2073,34887300
2021-09-30,2088,2088,2000,2000,33149100
2021-10-01,1980,2004,1965.5,1967,27672500
2021-10-04,1988.5,1989.5,1925.5,1932,22442600
2021-10-05,1900,1929,1860,1902,29108900
2021-10-06,1890,1897.5,1818,1840,35192500
2021-10-07,1852,1876,1840.5,1869,18340800
2021-10-08,1920,1948.5,1915.5,1923,22700900
2021-10-11,1930,1988,1929,1987,18449100
2021-10-12,1994,2013.5,1983.5,2002.5,18513900
2021-10-13,2018,2019,1976,1976,19436600
2021-10-14,1965,1986,1940.5,1985.5,13517700
2021-10-15,1999,1999.5,1974.5,1993.5,18602800
2021-10-18,2026,2062,2025,2040,24313600
2021-10-19,2037.5,2038,2010,2030,14539000
2021-10-20,2045.5,2053,2026,2031.5,15372800
2021-10-21,2025,2031.5,1983.5,1983.5,17327500
2021-10-22,1973,1999.5,1964.5,1983.5,15610500
2021-10-25,1939,1967.5,1928,1946.5,16310200
2021-10-26,1974,1992.5,1965,1980,15149500
2021-10-27,1998.5,2004,1984,2004,14028900
2021-10-28,1987.5,2013,1974,2000,17683000
2021-10-29,1993.5,2008,1978,2006.5,18052200
2021-11-01,2028,2050,2022,2050,24547300
2021-11-02,2047.5,2059,2030.5,2048,17669100
2021-11-04,2070,2100,2027.5,2063,38783500
2021-11-05,2090,2091,2018.5,2035,20210400
2021-11-08,2041.5,2056,2028,2028,14062700
2021-11-09,2044.5,2048.5,1995,1995,16797300
2021-11-10,2002.5,2015,1998.5,2005.5,12819100
2021-11-11,2018,2040,2008,2030,15549700
2021-11-12,2045,2085,2041,2078.5,26162900
2021-11-15,2094,2117.5,2088.5,2102,21902800
2021-11-16,2112,2155,2112,2141.5,23534300
2021-11-17,2185,2188,2128,2128,26692900
2021-11-18,2128,2146.5,2105,2124.5,18309000
2021-11-19,2110,2142.5,2102,2132.5,20093600
2021-11-22,2133,2133.5,2101,2105,18371200
2021-11-24,2130,2159,2119,2124.5,21946800
2021-11-25,2134,2147,2112,2112,14283000
2021-11-26,2100,2109.5,2065,2074.5,22432100
2021-11-29,2031,2041,2005,2012,27978900
2021-11-30,2051.5,2061.5,1999,2001,42639000
2021-12-01,2007.5,2074,2007,2045.5,25290500
2021-12-02,2030,2051,2005,2045.5,24357000
2021-12-03,2052.5,2082,2040.5,2079,19023700
2021-12-06,2116.5,2117.5,2060.5,2066,19515300
2021-12-07,2065,2114.5,2053,2105,28638400
2021-12-08,2087,2098,2068,2068,24065300
2021-12-09,2080.5,2092,2050.5,2056.5,19139300
2021-12-10,2056.5,2069.5,2042.5,2052,18235100
2021-12-13,2032,2035,2002,2002,28905200
2021-12-14,2021,2055,2019,2045,22353800
2021-12-15,2083,2132,2080.5,2118.5,35698900
2021-12-16,2147,2162.5,2132.5,2139.5,30403400
2021-12-17,2136,2165,2100,2102.5,38176700
2021-12-20,2072.5,2095.5,2051,2051,18811300
2021-12-21,2092,2092.5,2067,2070.5,23334300
2021-12-22,2072.5,2077.5,2035.5,2056.5,19962800
2021-12-23,2055,2096.5,2055,2096.5,19290700
2021-12-24,2101,2112,2088,2096.5,10236700
2021-12-27,2096,2116,2093,2108,11932500
2021-12-28,2130,2137.5,2115.5,2133,17152500
2021-12-29,2122,2129,2106.5,2110.5,14440600
2021-12-30,2104,2116,2091,2105.5,14009600
2022-01-04,2158,2237.5,2154.5,2234.5,43072600
2022-01-05,2330,2341,2259,2292,53536300
2022-01-06,2284.5,2327,2277,2284.5,37579600
2022-01-07,2307,2324,2275,2307.5,30903500
2022-01-11,2310,2328,2283,2322,29710800
2022-01-12,2354.5,2362,2308.5,2359.5,33915900
2022-01-13,2350,2422.5,2342,2412,39518400
2022-01-14,2410,2423,2375,2390,38594600
2022-01-17,2401,2442,2378.5,2423,23591300
2022-01-18,2443,2475,2400.5,2423.5,41189300
2022-01-19,2323.5,2377,2303,2303,48185300
2022-01-20,2298,2360,2286,2342.5,32283600
2022-01-21,2287.5,2294.5,2230.5,2284.5,36518000
2022-01-24,2234.5,2287.5,2219,2278.5,27763700
2022-01-25,2242.5,2259.5,2224,2236.5,31059200
2022-01-26,2252.5,2262.5,2209,2221.5,26042500
2022-01-27,2237,2250,2158.5,2163,37600100
2022-01-28,2200,2253.5,2191.5,2237,31409300
2022-01-31,2224.5,2256,2191.5,2245.5,25588900
2022-02-01,2261,2274,2218,2227,24070100
2022-02-02,2245,2287.5,2237,2273.5,26879700
2022-02-03,2239,2313,2237,2293.5,22026900
2022-02-04,2289,2299.5,2261.5,2277.5,20162500
2022-02-07,2260,2275.5,2251,2275.5,19062800
2022-02-08,2267,2315,2263,2296,20722700
2022-02-09,2340,2375.5,2302,2317.5,42075100
2022-02-10,2301,2320,2222,2254,42419700
2022-02-14,2174,2197,2160,2182,39268700
2022-02-15,2186.5,2189,2145,2153.5,31404200
2022-02-16,2185,2198,2172.5,2192.5,22686900
2022-02-17,2175.5,2178.5,2147.5,2160.5,26975700
2022-02-18,2141.5,2192.5,2140,2184,20267400
2022-02-21,2148,2177,2133,2173,15200700
2022-02-22,2148,2151.5,2111,2123.5,21140000
2022-02-24,2109,2124,2080.5,2091,29577000
2022-02-25,2085,2113.5,2078.5,2104,26344300
2022-02-28,2107,2139,2087,2138.5,26767700
2022-03-01,2119.5,2154,2119,2133,23177000
2022-03-02,2080,2082,2034,2038.5,42180900
2022-03-03,2075,2094.5,2046,2047,26276600
2022-03-04,2026.5,2027.5,1965,1974,48833000
2022-03-07,1875,1889,1826,1845,67968000
2022-03-08,1844,1855.5,1805,1811,44177700
2022-03-09,1850,1884,1830.5,1845.5,36677400
2022-03-10,1942,1946,1905,1945.5,36656200
2022-03-11,1890,1895,1844,1860.5,44804200
2022-03-14,1883,1929,1881.5,1914,26346200
2022-03-15,1912.5,1976,1907,1955,26940000
2022-03-16,1968,2000,1967.5,1991,32882200
2022-03-17,2045,2065,2010,2036,35580400
2022-03-18,2000.5,2025,1996,2020,43985400
2022-03-22,2036,2063.5,2035.5,2055,30788700
2022-03-23,2095,2139,2090.5,2137,33324100
2022-03-24,2148,2208.5,2140.5,2200,40085700
2022-03-25,2210,2216.5,2180,2189,25328700
2022-03-28,2212,2217,2182.5,2202,23368400
2022-03-29,2221.5,2261,2220.5,2261,43733900
2022-03-30,2216,2247.5,2189,2218.5,36673400
2022-03-31,2200.5,2262,2191,2222.5,38235600
2022-04-01,2222.5,2238,2174.5,2205,27719800
2022-04-04,2193,2213.5,2192,2211,16276100
2022-04-05,2231,2236,2202.5,2217.5,21878700
2022-04-06,2192,2201.5,2176,2190,28164400
2022-04-07,2166,2174,2132,2168.5,31288300
2022-04-08,2136,2165.5,2073.5,2095.5,50893400
2022-04-11,2087,2114.5,2076,2101.5,27797800
2022-04-12,2105,2112.5,2065.5,2069.5,26536900
2022-04-13,2108.5,2123.5,2073,2119.5,26016500
2022-04-14,2096,2131.5,2085.5,2131.5,18466300
2022-04-15,2100,2163,2100,2160,19517900
2022-04-18,2145.5,2165,2127.5,2155,15320900
2022-04-19,2175,2186.5,2159,2177,21166100
2022-04-20,2220,2269,2219,2258.5,42430500
2022-04-21,2238,2261.5,2236.5,2250,21538600
2022-04-22,2220,2227.5,2200,2210,18873300
2022-04-25,2149.5,2199.5,2145,2190,22515800
2022-04-26,2186,2199,2163.5,2180,23096200
2022-04-27,2146,2174.5,2144,2165.5,34299400
2022-04-28,2160.5,2242.5,2152.5,2235.5,33413000
2022-05-02,2267,2277.5,2217.5,2228,26634900
2022-05-06,2254,2276,2242.5,2276,30141000
2022-05-09,2269,2282.5,2244.5,2245,22370500
2022-05-10,2190,2204,2155,2178.5,28054600
2022-05-11,2205.5,2210,2050.5,2082,64821200
2022-05-12,2050,2114.5,2011.5,2050,44104700
2022-05-13,2043,2086.5,2028.5,2055,31138400
2022-05-16,2105,2107,2047,2049.5,26352900
2022-05-17,2025.5,2047,2016.5,2033,22474100
2022-05-18,2035,2054,2025.5,2044,21893000
2022-05-19,1981,2010,1971,2005,34715900
2022-05-20,2010,2052.5,2007.5,2048,23675300
2022-05-23,2052.5,2065,2038,2061.5,20585700
2022-05-24,2064.5,2078,2050,2050,18717900
2022-05-25,2040,2067,2037,2043.5,18929300
2022-05-26,2065,2106,2060.5,2082,23739700
2022-05-27,2117,2117,2079,2084,19511600
2022-05-30,2102,2135,2094,2126.5,40586500
2022-05-31,2109,2133.5,2107.5,2122.5,27505000
2022-06-01,2140,2208,2135.5,2197.5,35206500
2022-06-02,2190,2203,2181,2193,15657500
2022-06-03,2198,2198,2153,2165,19812000
2022-06-06,2139,2164.5,2134,2163,15252500
2022-06-07,2197,2209.5,2181.5,2190.5,23853700
2022-06-08,2199,2230,2191,2230,25246600
2022-06-09,2249,2267,2235.5,2239,27281400
2022-06-10,2211,2232,2196,2203.5,28515100
2022-06-13,2150,2159,2128,2131.5,25274900
2022-06-14,2083,2121.5,2077.5,2095,26804400
2022-06-15,2088,2108,2080,2080,22726900
2022-06-16,2142,2173.5,2131,2140,24439500
2022-06-17,2046,2087,2042,2063,45125700
2022-06-20,2090,2115,2070.5,2089.5,20577400
2022-06-21,2119.5,2144,2107,2138.5,23768100
2022-06-22,2168,2188.5,2149,2156,22961800
2022-06-23,2148,2159,2116,2126.5,20869300
2022-06-24,2095,2115.5,2087.5,2111.5,21561600
2022-06-27,2137,2144,2109,2121.5,17615400
2022-06-28,2138.5,2167.5,2133.5,2167.5,26045200
2022-06-29,2165,2168,2125.5,2128,36393000
2022-06-30,2128.5,2131.5,2093.5,2100,30076600
2022-07-01,2095,2104,2056,2067,30994400
2022-07-04,2094,2113,2087.5,2113,21443400
2022-07-05,2128,2136,2112,2116.5,20328900
2022-07-06,2089,2098,2043.5,2058,32025100
2022-07-07,2086.5,2108,2065,2105,27506300
2022-07-08,2120.5,2147,2108,2111,35446600
2022-07-11,2140,2158.5,2134,2152,28062000
2022-07-12,2152,2153,2110.5,2116.5,24129000
2022-07-13,2124,2145.5,2123.5,2134.5,16445800
2022-07-14,2101.5,2144,2098.5,2135,18559500
2022-07-15,2133.5,2163.5,2127,2163,28589600
2022-07-19,2170,2179,2163,2177,21538900
2022-07-20,2200,2204.5,2180,2194,27281400
2022-07-21,2191,2206,2175,2193.5,24208700
2022-07-22,2199.5,2204.5,2190,2202.5,20867700
2022-07-25,2177,2198.5,2163,2166,16534400
2022-07-26,2177.5,2182.5,2160,2166,12369100
2022-07-27,2154,2174,2142,2169,15783800
2022-07-28,2165,2174.5,2124,2125,27939100
2022-07-29,2155,2163,2127,2137,24818400
2022-08-01,2152,2216.5,2150.5,2212,32568100
2022-08-02,2178,2198,2152,2154.5,18343800
2022-08-03,2149,2162.5,2142.5,2156,16651900
2022-08-04,2184,2187.5,2071.5,2091.5,50239900
2022-08-05,2080,2130,2074,2123,27813600
2022-08-08,2100,2116,2082.5,2116,22816600
2022-08-09,2106.5,2113,2069,2076,25062000
2022-08-10,2081.5,2099,2077.5,2088,15038200
2022-08-12,2110,2135,2099.5,2135,31314700
2022-08-15,2124.5,2134,2119,2132.5,12869100
2022-08-16,2129.5,2130,2105.5,2121,12497100
2022-08-17,2136,2183,2135.5,2183,31472900
2022-08-18,2156.5,2159.5,2137.5,2143.5,18478000
2022-08-19,2148.5,2157.5,2144.5,2150,13295300
2022-08-22,2130.5,2151.5,2126,2150,15320100
2022-08-23,2122,2127.5,2098,2107.5,25655800
2022-08-24,2093,2115.5,2092.5,2100,18087200
2022-08-25,2096,2112,2096,2109,10713100
2022-08-26,2114.5,2121,2106,2108,12989800
2022-08-29,2060,2093.5,2059,2090,20923300
2022-08-30,2100,2113.5,2094.5,2105,16897300
2022-08-31,2090,2106.5,2088,2101.5,22276200
2022-09-01,2073,2075,2045,2052.5,36248100
2022-09-02,2050,2056,2040.5,2049,22090800
2022-09-05,2041,2045,2027,2037,17282500
2022-09-06,2037.5,2054,2028.5,2048.5,13434900
2022-09-07,2043,2046.5,2020,2034.5,20916100
2022-09-08,2042.5,2080.5,2042.5,2080.5,26507900
2022-09-09,2070,2089.5,2069,2078.5,26218700
2022-09-12,2086,2087,2065,2070,15232900
2022-09-13,2061,2071.5,2042,2067,18368100
2022-09-14,2040,2053.5,2030,2038,26178500
2022-09-15,2038,2046.5,2034,2040,15098100
2022-09-16,2020,2040,2019.5,2030.5,28115400
2022-09-20,2043,2069,2037,2048.5,21038800
2022-09-21,2020,2021,2000,2000,31783100
2022-09-22,1990,2028,1989,2028,26440900
2022-09-26,1981,1989,1963,1963,35307900
2022-09-27,1982.5,2004,1975,1986,23245500
2022-09-28,1973.5,1975,1928,1953.5,32375000
2022-09-29,1955.5,1969.5,1935.5,1958.5,29667900
2022-09-30,1927.5,1935,1871,1876,41993800
2022-10-03,1880,1947.5,1878.5,1941.5,32688200
2022-10-04,1981.5,2004,1970.5,2004,39192400
2022-10-05,2024,2025.5,1990,2001,25516900
2022-10-06,2000,2012,1996.5,2000,26603000
2022-10-07,1966.5,2001.5,1963.5,1985.5,27846100
2022-10-11,1978,1987,1959,1966.5,25261700
2022-10-12,1968,1999.5,1964,1990,25409100
2022-10-13,1990.5,2001.5,1980,1983.5,23730300
2022-10-14,2005,2020,1988.5,2008,31734600
2022-10-17,1990,2001.5,1987,2000,22166100
2022-10-18,2029,2029.5,1994,2007.5,21403400
2022-10-19,2009.5,2019,2003.5,2003.5,15797500
2022-10-20,1999,2008,1997.5,2004,21090700
2022-10-21,2000,2002,1978.5,1987.5,24809100
2022-10-24,2005,2013.5,1992,1996.5,20173100
2022-10-25,2003.5,2020.5,1999.5,2016,18457200
2022-10-26,2018,2031.5,2017,2020,16753300
2022-10-27,2016,2021,1992,1999,23218700
2022-10-28,2007,2041,2004.5,2030,90671700
2022-10-31,2046,2059.5,2039.5,2059.5,22869200
2022-11-01,2054,2072,2006.5,2019.5,38181300
2022-11-02,1998,2017,1992.5,2014.5,24179300
2022-11-04,1999,2002.5,1974,1985,32176900
2022-11-07,2000,2003,1988,1993,18017000
2022-11-08,1990.5,2008.5,1987,2003,18424300
2022-11-09,1991.5,2001.5,1984.5,1988.5,19748500
2022-11-10,1961.5,1968,1954,1958.5,23246900
2022-11-11,1992.5,2004.5,1989,2001,30008700
2022-11-14,1998.5,2003.5,1985.5,1986,21130800
2022-11-15,1985,2003,1984.5,1998,17879100
2022-11-16,2000,2001,1981.5,1996,22615800
2022-11-17,1994,2007.5,1992.5,1993.5,14840200
2022-11-18,2005,2012,1991.5,1993,15711600
2022-11-21,1999,2006,1993.5,2003,14421500
2022-11-22,2020,2059.5,2020,2050,32248300
2022-11-24,2060,2060.5,2041.5,2046.5,21006500
2022-11-25,2050,2057.5,2044,2054.5,11659400
2022-11-28,2064,2070,2030.5,2033,13933100
2022-11-29,2021.5,2033,2005.5,2005.5,22107200
2022-11-30,2010,2020,1997.5,2010.5,29110200
2022-12-01,2024,2025,1998.5,1998.5,22681700
2022-12-02,1988,1988,1951.5,1971,29660900
2022-12-05,1977,1977,1945,1951,21789000
2022-12-06,1945,1952,1928,1943.5,28364200
2022-12-07,1936,1959.5,1932,1949.5,21057000
2022-12-08,1936.5,1944,1924,1938.5,27286300
2022-12-09,1953,1965,1951.5,1954,23880900
2022-12-12,1953.5,1973,1951.5,1963,16003300
2022-12-13,1984,1989,1966.5,1968.5,15591800
2022-12-14,1958.5,1981,1952.5,1978,14946400
2022-12-15,1975,1984.5,1971,1978.5,11987000
2022-12-16,1940.5,1959.5,1935.5,1941,26790400
2022-12-19,1920,1931,1910,1910,21852800
2022-12-20,1905,1909.5,1840.5,1845,54192000
2022-12-21,1837,1840.5,1791,1808,49302700
2022-12-22,1830,1854,1829,1841,28230900
2022-12-23,1808.5,1821,1805,1818,19066400
2022-12-26,1821,1839.5,1821,1823,11812100
2022-12-27,1840,1844.5,1813.5,1817.5,16716500
2022-12-28,1811.5,1819,1807,1819,17027000
2022-12-29,1809,1817,1800.5,1817,17662900
2022-12-30,1817,1832,1811.5,1812.5,21250600
2023-01-04,1798,1804,1787.5,1799,25995600
2023-01-05,1812,1819.5,1793.5,1807.5,24700200
2023-01-06,1809.5,1829,1806,1825,22568600
2023-01-10,1837.5,1850,1821.5,1827,22352300
2023-01-11,1824,1840,1822,1837.5,19798400
2023-01-12,1839,1868,1838,1857.5,21573200
2023-01-13,1828.5,1838.5,1811,1815.5,27779100
2023-01-16,1800,1821,1794,1817.5,20486400
2023-01-17,1826,1870.5,1825.5,1863,27345800
2023-01-18,1861,1916,1846,1909.5,31290700
2023-01-19,1850,1871,1847,1864.5,21969700
2023-01-20,1851,1883,1851,1883,16703500
2023-01-23,1900,1904,1883.5,1889,14661600
2023-01-24,1913,1913,1899.5,1911.5,16261100
2023-01-25,1900,1909,1898.5,1905,18486100
2023-01-26,1899,1907.5,1889,1893,22613200
2023-01-27,1902.5,1902.5,1886,1900.5,21336000
2023-01-30,1900.5,1910,1896.5,1902,17617700
2023-01-31,1910,1913.5,1895,1896.5,18849600
2023-02-01,1911,1919,1902.5,1903,19250900
2023-02-02,1908,1909.5,1875.5,1880.5,19168200
2023-02-03,1887,1895.5,1882.5,1891.5,16015500
2023-02-06,1909,1934.5,1908,1913.5,30031400
2023-02-07,1920,1923.5,1896.5,1897,20138300
2023-02-08,1902,1904.5,1895.5,1897.5,13623900
2023-02-09,1900,1923,1883,1901,34568700
2023-02-10,1885.5,1891,1869,1879,34846600
2023-02-13,1870,1880,1857,1876.5,21137100
2023-02-14,1894.5,1896.5,1878.5,1882.5,18133700
2023-02-15,1890,1893,1868.5,1874,21936500
2023-02-16,1888.5,1915,1884.5,1913,29791200
2023-02-17,1893,1910.5,1891,1907.5,21230800
2023-02-20,1916,1917,1900,1902.5,12704000
2023-02-21,1900,1901.5,1889.5,1890,16937100
2023-02-22,1878,1879,1852,1865,29022300
2023-02-24,1856,1865.5,1854,1858,19154000
2023-02-27,1857,1861.5,1850,1857,16540600
2023-02-28,1857.5,1869,1855.5,1862.5,19162000
2023-03-01,1866,1870.5,1858.5,1863.5,18027000
2023-03-02,1860,1881.5,1860,1863.5,20227600
2023-03-03,1866,1886,1861,1884.5,27371700
2023-03-06,1893,1915,1890,1905.5,28716300
2023-03-07,1900,1914.5,1893,1914.5,20837300
2023-03-08,1904,1915.5,1903,1907.5,18703000
2023-03-09,1917.5,1931.5,1915,1919.5,23844600
2023-03-10,1898,1910.5,1887.5,1896,33371500
2023-03-13,1877,1881,1853.5,1864,24327500
2023-03-14,1807.5,1810,1781.5,1809,45615100
2023-03-15,1825,1832.5,1804,1812,23906800
2023-03-16,1770,1793,1765,1790,30331500
2023-03-17,1790,1798,1776,1786,36599800
2023-03-20,1767,1778,1764,1767,25693500
2023-03-22,1803,1804.5,1787,1801,24870000
2023-03-23,1782.5,1793,1778,1787,19861700
2023-03-24,1778,1787,1772,1784,16224800
2023-03-27,1795,1796.5,1781,1790,16892900
2023-03-28,1806,1813,1796.5,1805.5,21034500
2023-03-29,1812.5,1852,1810,1852,36692000
2023-03-30,1835.5,1850,1828.5,1842,24709600
2023-03-31,1863,1897,1855.5,1880,37152100
2023-04-03,1897.5,1897.5,1875.5,1897,25267000
2023-04-04,1887.5,1899,1877,1899,21339500
2023-04-05,1876.5,1881,1850.5,1852.5,25396900
2023-04-06,1841,1844,1822,1826.5,24567200
2023-04-07,1833.5,1837,1819.5,1819.5,14815100
2023-04-10,1829.5,1833.5,1820.5,1827.5,15091200
2023-04-11,1839.5,1842,1823,1826,26170100
2023-04-12,1834.5,1835.5,1816,1823.5,25890400
2023-04-13,1811,1814,1799,1812.5,19854200
2023-04-14,1828,1829,1806,1808,27911300
2023-04-17,1823,1841.5,1822.5,1834,18967700
2023-04-18,1844,1846,1827.5,1833.5,23312400
2023-04-19,1833,1836,1816.5,1823,16859000
2023-04-20,1810,1818,1796,1813.5,21975500
2023-04-21,1790,1808.5,1784,1802,21559900
2023-04-24,1815,1817,1798,1798,14674600
2023-04-25,1803,1807,1795,1800,20492700
2023-04-26,1793.5,1807.5,1791,1803.5,17228200
2023-04-27,1804.5,1826.5,1799,1825,21175700
2023-04-28,1839,1857,1833.5,1857,29984600
2023-05-01,1870.5,1879.5,1865,1874,18668200
2023-05-02,1877,1877.5,1853,1864.5,17441500
2023-05-08,1860,1861.5,1848,1856,17294400
2023-05-09,1861,1920,1855,1916.5,39880100
2023-05-10,1920,1963.5,1894,1931.5,55815000
2023-05-11,1950,1959,1902,1916,34669900
2023-05-12,1945.5,1949,1913.5,1942,28097200
2023-05-15,1939.5,1942,1926,1933,16791400
2023-05-16,1933,1939.5,1919,1923.5,18728200
2023-05-17,1925,1935.5,1921,1928,16295600
2023-05-18,1945,1958,1942,1955.5,28317600
2023-05-19,1963.5,1973.5,1950.5,1959.5,23600700
2023-05-22,1945,1950,1934.5,1950,25566800
2023-05-23,1970,1979,1857,1857,39793700
2023-05-24,1949.5,1959.5,1924,1956.5,35899300
2023-05-25,1953.5,1960,1937,1938.5,26877800
2023-05-26,1940.5,1956,1931,1937,20230300
2023-05-29,1959,1960,1922,1928.5,28467700
2023-05-30,1921,1944,1910.5,1940,18882600
2023-05-31,1929.5,1934.5,1892.5,1908.5,53396000
2023-06-01,1946,1973,1935.5,1943,36193300
2023-06-02,1960.5,2010,1959,2009.5,46785900
2023-06-05,2050,2058.5,2021,2028.5,33729200
2023-06-06,2025,2050,2011.5,2050,22611500
2023-06-07,2058,2078.5,2021,2022,41062900
2023-06-08,2038.5,2052,2017.5,2024,28562300
2023-06-09,2055,2057.5,2030,2051.5,37276500
2023-06-12,2065.5,2073.5,2054.5,2069,19714600
2023-06-13,2100,2183,2099.5,2173.5,70125200
2023-06-14,2260,2350,2235,2310,99612100
2023-06-15,2346,2358,2303.5,2320.5,57885900
2023-06-16,2350,2350,2275,2316,59050900
2023-06-19,2320.5,2323,2240,2253,41460800
2023-06-20,2250,2263,2222,2244,36130900
2023-06-21,2222,2228.5,2205.5,2218.5,38394900
2023-06-22,2246,2258,2231.5,2240.5,29584300
2023-06-23,2252,2255,2171.5,2199.5,30642900
2023-06-26,2204,2227,2191,2221,22817900
2023-06-27,2248,2257.5,2221,2237,26165400
2023-06-28,2276,2300,2271.5,2300,35651600
2023-06-29,2302,2311,2278.5,2295.5,27070800
2023-06-30,2320,2323.5,2285.5,2308.5,37428700
2023-07-03,2308,2329.5,2303.5,2325.5,25421400
2023-07-04,2332.5,2344.5,2324.5,2338,26554700
2023-07-05,2336,2341.5,2322.5,2341,20643100
2023-07-06,2350,2358,2317,2327,28608700
2023-07-07,2323.5,2324,2292,2299.5,26236300
2023-07-10,2270,2290,2255,2260,28824200
2023-07-11,2256,2258.5,2204,2211,29078400
2023-07-12,2210,2231,2189,2198,20500400
2023-07-13,2192.5,2224,2180,2211.5,19826600
2023-07-14,2219.5,2231,2197,2218,21578800
2023-07-18,2214,2247.5,2212,2240,18107200
2023-07-19,2266.5,2291,2265,2291,22597800
2023-07-20,2291.5,2311,2275,2287,21073000
2023-07-21,2289,2301,2277,2287.5,20284200
2023-07-24,2317,2333,2307.5,2324,23557600
2023-07-25,2316.5,2344.5,2311.5,2344.5,23265300
2023-07-26,2318,2326,2305.5,2322,19436200
2023-07-27,2315,2329,2303.5,2320.5,18487400
2023-07-28,2288.5,2327,2263.5,2310,37405600
2023-07-31,2350,2386,2348.5,2386,44133500
2023-08-01,2398,2464,2387,2445.5,68906000
2023-08-02,2438.5,2549,2418.5,2502.5,78801100
2023-08-03,2476,2477,2401,2407.5,44187800
2023-08-04,2407,2456.5,2401.5,2437.5,30038200
2023-08-07,2431.5,2457,2424,2444,19853700
2023-08-08,2463.5,2476,2420.5,2423.5,22190700
2023-08-09,2423,2427,2384,2395.5,19106300
2023-08-10,2406.5,2432.5,2395,2429,19458600
2023-08-14,2439.5,2459.5,2403,2408,17152200
2023-08-15,2433,2438,2414.5,2419,12578800
2023-08-16,2400,2412.5,2368,2370.5,22466200
2023-08-17,2360.5,2379,2332.5,2377,18693200
2023-08-18,2348.5,2368,2334.5,2349,20054000
2023-08-21,2349.5,2376,2348,2356.5,14606100
2023-08-22,2386,2420,2383,2416.5,18256500
2023-08-23,2393,2411,2389.5,2410.5,15164600
2023-08-24,2411.5,2412.5,2394,2400,16406900
2023-08-25,2380,2402,2377,2395,15384300
2023-08-28,2421.5,2447,2420,2436.5,18256100
2023-08-29,2446.5,2451,2416.5,2431.5,17541400
2023-08-30,2449.5,2463.5,2440,2456.5,19036300
2023-08-31,2465,2524,2463,2515,39487900
2023-09-01,2485,2525,2483,2519.5,23445600
2023-09-04,2540,2599.5,2539,2597.5,33250800
2023-09-05,2600,2609.5,2564,2589,28061100
2023-09-06,2607,2664,2605.5,2651,31630100
2023-09-07,2657,2671.5,2633,2637,26184700
2023-09-08,2611,2645.5,2598,2603,30458600
2023-09-11,2610.5,2618,2586,2595,16439600
2023-09-12,2624,2660,2619,2657,21560000
2023-09-13,2657,2715,2651,2707.5,29244700
2023-09-14,2715.5,2757,2694,2748,31358600
2023-09-15,2788,2842,2780.5,2821.5,49241800
2023-09-19,2806.5,2885.5,2798,2880,40156000
2023-09-20,2900,2911.5,2797,2799,42976800
2023-09-21,2799,2835,2775,2785.5,25747000
2023-09-22,2749.5,2811,2735,2788.5,28714900
2023-09-25,2785,2789,2740.5,2761.5,21522300
2023-09-26,2765,2766.5,2707.5,2716.5,26603400
2023-09-27,2700,2751.5,2677,2748,31403100
2023-09-28,2720,2746.5,2678,2706,32137100
2023-09-29,2718,2727.5,2675.5,2677.5,33276200
2023-10-02,2700.5,2746.5,2683.5,2687,28738800
2023-10-03,2680,2687,2593,2605,31775900
2023-10-04,2555,2563,2471,2477.5,46063800
2023-10-05,2528,2590,2505.5,2590,41463500
2023-10-06,2564.5,2604,2536,2572,28521800
2023-10-10,2600,2640.5,2595,2624.5,27455800
2023-10-11,2650,2681,2640,2651,23177900
2023-10-12,2678,2740,2673,2740,32321600
2023-10-13,2708,2726,2677,2687.5,24757200
2023-10-16,2650,2665,2630.5,2660,19258100
2023-10-17,2705,2719,2653,2681,22766500
2023-10-18,2675,2697,2661,2669,18891100
2023-10-19,2625,2667,2623,2645,18842300
2023-10-20,2600.5,2642,2575,2617,23366400
2023-10-23,2600,2631,2585.5,2610,17852100
2023-10-24,2645,2648.5,2544,2597.5,26740000
2023-10-25,2631,2664,2613.5,2640,18828500
2023-10-26,2617.5,2628,2571,2594.5,22969100
2023-10-27,2595,2644,2594.5,2638.5,20775500
2023-10-30,2593,2595,2560.5,2574,28552500
2023-10-31,2590,2593,2526,2590,32184100
2023-11-01,2703.5,2752,2678.5,2712,66935200
2023-11-02,2812,2846.5,2746.5,2760,62211400
2023-11-06,2840,2866.5,2823.5,2846,48988800
2023-11-07,2850,2854,2818.5,2832,27050700
2023-11-08,2861.5,2879.5,2757,2757,32626900
2023-11-09,2795,2819,2752,2817.5,23116200
2023-11-10,2770.5,2815,2770,2803,23638200
2023-11-13,2833,2845.5,2807.5,2817,19390400
2023-11-14,2845,2866.5,2837.5,2843.5,25175900
2023-11-15,2880.5,2898.5,2860,2860,29788400
2023-11-16,2860,2897.5,2858,2879,21411300
2023-11-17,2840,2892.5,2834,2892.5,24794700
2023-11-20,2892.5,2900,2768.5,2780,46342000
2023-11-21,2785,2793,2720.5,2735,36142900
2023-11-22,2728,2781,2711,2728.5,31006900
2023-11-24,2785,2814,2774,2803,29415500
2023-11-27,2800,2803,2762,2770,22122900
2023-11-28,2770,2779.5,2736,2755,22163500
2023-11-29,2770,2809.5,2744,2802.5,36001000
2023-11-30,2810,2820,2786.5,2794.5,49146600
2023-12-01,2819,2842,2803,2833,26774000
2023-12-04,2802,2802.5,2744.5,2767.5,30495700
2023-12-05,2770,2784.5,2743.5,2753.5,24512600
2023-12-06,2770.5,2829.5,2758,2827,27896600
2023-12-07,2800,2812,2776,2794.5,26610300
2023-12-08,2711,2721,2657,2680.5,55312000
2023-12-11,2701,2716,2690.5,2705.5,31081400
2023-12-12,2727,2735.5,2681.5,2681.5,25316700
2023-12-13,2672.5,2682,2644.5,2673.5,20383300
2023-12-14,2605.5,2623.5,2552,2571.5,43459500
2023-12-15,2617,2624,2592,2600.5,32057100
2023-12-18,2590.5,2619.5,2571.5,2619.5,21229700
2023-12-19,2620,2657.5,2590.5,2640.5,24989000
2023-12-20,2666,2692,2634,2644,34125400
2023-12-21,2520,2576.5,2495,2537.5,47672400
2023-12-22,2520,2549.5,2499,2516,38330200
2023-12-25,2525,2553,2514.5,2537,19273800
2023-12-26,2543,2544.5,2520.5,2541,17223900
2023-12-27,2557.5,2583.5,2547,2583,26896000
2023-12-28,2555,2573,2539,2556,17822300
2023-12-29,2572,2615.5,2569,2590.5,26860500
2024-01-04,2605,2635,2572,2635,29812900
2024-01-05,2643.5,2708,2643.5,2701.5,30515500
2024-01-09,2715,2716,2662.5,2694,30486100
2024-01-10,2684,2752,2679.5,2745,33701200
2024-01-11,2827,2867.5,2827,2844,49003100
2024-01-12,2880,2883,2820.5,2837,34169200
2024-01-15,2854,2875,2830,2861,24015700
2024-01-16,2865,2869.5,2840.5,2854.5,23810700
2024-01-17,2880,2920,2846.5,2856.5,42925400
2024-01-18,2880,2964,2873,2931.5,45748100
2024-01-19,2985,2985,2937,2962,38896900
2024-01-22,2965,2987.5,2956.5,2982,27665300
2024-01-23,2997,3034,2971,2991,40894100
2024-01-24,3000,3018,2952,2959.5,28933300
2024-01-25,2967,2986.5,2938,2964,28781400
2024-01-26,2950,2950,2888.5,2892.5,33005600
2024-01-29,2929,2994,2928,2983.5,39361500
2024-01-30,2950,2983.5,2931,2959.5,30914300
2024-01-31,2940,3000,2939,3000,28387200
2024-02-01,2940.5,2960,2931,2945,29852200
2024-02-02,2963.5,2966,2938,2951.5,24939800
2024-02-05,2995.5,3007,2959,2992,29891100
2024-02-06,2999.5,3148,2951.5,3135,80031600
2024-02-07,3195,3364,3190,3260,90841000
2024-02-08,3330,3409,3283,3350,65539300
2024-02-09,3360,3370,3296,3323,38909900
2024-02-13,3366,3459,3350,3456,50279000
2024-02-14,3453,3464,3361,3385,40613000
2024-02-15,3415,3416,3351,3382,31611400
2024-02-16,3440,3453,3396,3414,39276000
2024-02-19,3414,3449,3401,3430,18623200
2024-02-20,3450,3473,3369,3414,32113800
2024-02-21,3400,3436,3396,3429,27204700
2024-02-22,3450,3530,3444,3521,45277100
2024-02-26,3550,3607,3522,3565,36879000
2024-02-27,3600,3603,3566,3582,26141000
2024-02-28,3588,3599,3541,3570,21824800
2024-02-29,3560,3629,3540,3621,42143900
2024-03-01,3595,3689,3586,3680,29522200
2024-03-04,3694,3704,3636,3662,33112100
2024-03-05,3665,3742,3641,3729,31082800
2024-03-06,3729,3772,3690,3769,31920900
2024-03-07,3799,3811,3640,3660,44389400
